filename,size_x_before,size_x_after,spacing_x_before,spacing_x_after,spacing_y_before,spacing_y_after,spacing_z_before,spacing_z_after,mean_intensity_before,mean_intensity_after,mean_intensity_change
01_patient.nii.gz,512,390,0.7617189884185791,1.0,0.7617189884185791,1.0,2.5,1.0,-1070.9689671633057,0.2573137581348419,1071.2262809214405
02_patient.nii.gz,512,390,0.7617189884185791,1.0,0.7617189884185791,1.0,2.5,1.0,-1070.9689671633057,0.2573137581348419,1071.2262809214405
03_patient.nii.gz,512,390,0.7617189884185791,1.0,0.7617189884185791,1.0,2.5,1.0,-1070.9689671633057,0.2573137581348419,1071.2262809214405
04_patient.nii.gz,512,390,0.7617189884185791,1.0,0.7617189884185791,1.0,2.5,1.0,-1070.9689671633057,0.2573137581348419,1071.2262809214405
05_patient.nii.gz,512,390,0.7617189884185791,1.0,0.7617189884185791,1.0,2.5,1.0,-1070.9689671633057,0.2573137581348419,1071.2262809214405
